scenario_id,complexity,n_tasks,n_disruptions,total_duration_min,feasible,workday_minutes
SCN_0927,medium,9,3,915,False,600
SCN_0072,low,6,1,295,True,600
SCN_0626,medium,12,3,905,False,600
SCN_0691,medium,14,2,1505,False,600
SCN_0493,medium,14,1,1250,False,600
SCN_0799,medium,12,3,1085,False,600
SCN_0819,low,8,2,505,True,600
SCN_0061,high,18,3,1795,False,600
SCN_0812,high,15,2,1520,False,600
SCN_0832,low,7,1,580,True,600
SCN_0611,medium,9,1,1290,False,600
SCN_0222,medium,12,1,1020,False,600
SCN_0174,high,19,3,1420,False,600
SCN_0501,high,19,3,1920,False,600
SCN_0661,high,17,2,1985,False,600
SCN_0027,low,8,2,685,False,600
SCN_0678,medium,11,1,1025,False,600
SCN_0736,medium,13,1,1445,False,600
SCN_0582,medium,13,3,1125,False,600
SCN_0778,high,18,2,1465,False,600
SCN_0973,high,18,2,1905,False,600
SCN_0074,high,20,3,1440,False,600
SCN_0992,medium,10,3,1025,False,600
SCN_0879,medium,13,3,1295,False,600
SCN_0091,low,7,3,445,True,600
SCN_0403,high,16,2,1440,False,600
SCN_0584,low,5,1,440,True,600
SCN_0487,high,18,1,1970,False,600
SCN_0171,high,17,3,1565,False,600
SCN_0817,high,18,1,1425,False,600
SCN_0794,medium,13,1,835,False,600
SCN_0651,low,6,2,660,False,600
SCN_0919,low,8,3,705,False,600
SCN_0038,high,17,2,1665,False,600
SCN_0873,high,20,2,1645,False,600
SCN_0034,low,5,3,585,True,600
SCN_0457,high,20,3,1995,False,600
SCN_0633,low,6,3,635,False,600
SCN_0916,medium,10,2,1230,False,600
SCN_0964,low,6,1,495,True,600
SCN_0016,high,20,1,1890,False,600
SCN_0127,low,8,2,555,True,600
SCN_0399,high,20,2,1870,False,600
SCN_0434,high,16,2,1315,False,600
SCN_0662,medium,11,2,840,False,600
SCN_0377,medium,11,3,1290,False,600
SCN_0229,medium,10,3,970,False,600
SCN_0360,medium,14,1,1280,False,600
SCN_0589,medium,14,2,1200,False,600
SCN_0408,high,15,3,1340,False,600
SCN_0524,high,18,3,1740,False,600
SCN_0893,medium,9,1,975,False,600
SCN_0863,medium,12,3,960,False,600
SCN_0258,medium,12,3,995,False,600
SCN_0601,low,8,1,750,False,600
SCN_0597,low,8,3,960,False,600
SCN_0084,low,5,2,185,True,600
SCN_0576,low,6,2,445,True,600
SCN_0404,high,17,2,1280,False,600
SCN_0469,low,8,1,555,True,600
SCN_0443,medium,12,2,1115,False,600
SCN_0818,low,6,2,720,False,600
SCN_0243,medium,9,2,1275,False,600
SCN_0330,medium,12,2,1460,False,600
SCN_0637,high,18,3,1410,False,600
SCN_0910,medium,9,3,930,False,600
SCN_0666,high,17,2,1535,False,600
SCN_0707,medium,12,2,1275,False,600
SCN_0361,medium,10,3,1055,False,600
SCN_0204,low,6,2,275,True,600
SCN_0050,low,5,3,440,True,600
SCN_0210,medium,14,2,1090,False,600
SCN_0110,medium,14,2,1695,False,600
SCN_0383,high,15,3,1065,False,600
SCN_0354,high,17,3,1790,False,600
SCN_0036,medium,13,1,1045,False,600
SCN_0991,low,5,1,285,True,600
SCN_0960,high,16,2,1165,False,600
SCN_0984,medium,9,3,950,False,600
SCN_0891,high,15,3,1460,False,600
SCN_0451,medium,13,2,860,False,600
SCN_0738,high,19,1,2540,False,600
SCN_0535,high,20,1,2045,False,600
SCN_0915,low,7,2,980,False,600
SCN_0876,high,16,1,1700,False,600
SCN_0585,low,8,3,695,False,600
SCN_0896,high,19,3,2340,False,600
SCN_0296,medium,14,3,1400,False,600
SCN_0889,high,18,2,1750,False,600
SCN_0042,high,15,2,1660,False,600
SCN_0970,low,6,2,525,True,600
SCN_0857,high,18,3,1830,False,600
SCN_0188,medium,10,1,1065,False,600
SCN_0239,medium,13,2,1290,False,600
SCN_0853,high,15,1,1580,False,600
SCN_0139,high,19,3,1465,False,600
SCN_0134,high,19,1,1410,False,600
SCN_0214,low,6,3,360,True,600
SCN_0836,low,8,3,415,True,600
SCN_0419,low,6,1,445,True,600
SCN_0779,high,16,1,1760,False,600
SCN_0656,medium,10,1,800,False,600
SCN_0624,medium,9,1,985,False,600
SCN_0343,high,19,2,1795,False,600
SCN_0706,high,19,3,2535,False,600
SCN_0808,low,7,2,945,False,600
SCN_0423,low,8,3,1035,False,600
SCN_0484,low,6,3,600,True,600
SCN_0009,medium,13,3,1025,False,600
SCN_0756,medium,9,3,995,False,600
SCN_0064,high,20,1,1320,False,600
SCN_0723,high,17,1,2015,False,600
SCN_0754,high,18,1,1960,False,600
SCN_0976,medium,12,2,1500,False,600
SCN_0433,high,17,3,1760,False,600
SCN_0500,low,7,1,885,False,600
SCN_0570,medium,10,2,915,False,600
SCN_0369,low,5,1,345,True,600
SCN_0370,medium,13,3,1180,False,600
SCN_0561,low,6,3,375,True,600
SCN_0795,medium,14,3,1430,False,600
SCN_0161,low,8,1,620,False,600
SCN_0465,low,6,2,355,True,600
SCN_0725,high,17,1,1530,False,600
SCN_0398,low,7,3,690,False,600
SCN_0574,medium,11,3,965,False,600
SCN_0058,high,18,3,1875,False,600
SCN_0384,medium,13,2,1215,False,600
SCN_0241,medium,14,3,1480,False,600
SCN_0959,medium,11,2,855,False,600
SCN_0702,medium,9,3,780,False,600
SCN_0609,low,5,3,440,True,600
SCN_0142,high,20,3,1710,False,600
SCN_0515,medium,10,2,1190,False,600
SCN_0996,high,16,2,1995,False,600
SCN_0830,low,8,2,840,False,600
SCN_0749,high,20,3,1365,False,600
SCN_0372,medium,14,2,1550,False,600
SCN_0033,high,15,1,1525,False,600
SCN_0112,medium,11,3,1305,False,600
SCN_0677,medium,10,2,590,True,600
SCN_0581,medium,11,3,780,False,600
SCN_0146,high,15,3,1460,False,600
SCN_0769,medium,10,3,750,False,600
SCN_0402,low,7,2,485,True,600
SCN_0289,high,15,2,1825,False,600
SCN_0298,low,7,2,340,True,600
SCN_0154,high,15,2,1595,False,600
SCN_0742,medium,14,1,925,False,600
SCN_0004,medium,13,3,1050,False,600
SCN_0319,medium,14,3,1700,False,600
SCN_0118,medium,10,1,1095,False,600
SCN_0523,low,5,3,600,True,600
SCN_0632,low,6,3,420,True,600
SCN_0492,high,15,2,1420,False,600
SCN_0095,medium,9,1,710,False,600
SCN_0284,low,5,2,345,True,600
SCN_0878,low,7,3,555,True,600
SCN_0057,low,5,3,410,True,600
SCN_0948,medium,9,3,1020,False,600
SCN_0675,medium,12,1,995,False,600
SCN_0519,medium,14,3,1255,False,600
SCN_0270,low,8,2,795,False,600
SCN_0019,high,20,2,1925,False,600
SCN_0264,low,5,3,435,True,600
SCN_0994,high,16,1,1680,False,600
SCN_0774,high,19,3,2390,False,600
SCN_0979,low,5,2,345,True,600
SCN_0002,medium,9,3,1165,False,600
SCN_0874,medium,11,2,1565,False,600
SCN_0308,medium,13,2,1190,False,600
SCN_0215,high,19,1,1435,False,600
SCN_0269,medium,12,2,1165,False,600
SCN_0962,high,19,3,1580,False,600
SCN_0628,medium,12,1,1305,False,600
SCN_0861,high,20,2,1930,False,600
SCN_0440,high,20,1,1645,False,600
SCN_0273,medium,11,2,1115,False,600
SCN_0475,medium,10,1,850,False,600
SCN_0932,medium,12,3,970,False,600
SCN_0122,low,6,1,420,True,600
SCN_0525,medium,9,1,790,False,600
SCN_0743,low,5,1,605,False,600
SCN_0901,high,20,3,1510,False,600
SCN_0342,high,15,1,1055,False,600
SCN_0295,low,8,3,600,True,600
SCN_0262,low,8,3,945,False,600
SCN_0539,medium,9,2,890,False,600
SCN_0920,low,5,1,410,True,600
SCN_0610,high,18,3,2090,False,600
SCN_0194,medium,12,3,1195,False,600
SCN_0452,high,15,2,1605,False,600
SCN_0409,high,19,2,1730,False,600
SCN_0390,low,6,3,560,True,600
SCN_0211,medium,11,2,1015,False,600
SCN_0923,high,19,3,1955,False,600
SCN_0759,medium,9,3,1190,False,600
SCN_0066,low,5,1,440,True,600
SCN_0623,low,8,3,845,False,600
SCN_0078,medium,11,2,875,False,600
SCN_0522,low,5,2,840,False,600
SCN_0592,high,20,1,1790,False,600
SCN_0548,high,15,2,1395,False,600
SCN_0517,high,18,1,1750,False,600
SCN_0474,medium,12,3,1270,False,600
SCN_0952,high,18,3,1835,False,600
SCN_0462,high,15,3,1570,False,600
SCN_0379,low,7,2,510,True,600
SCN_0762,high,16,2,1760,False,600
SCN_0809,medium,10,1,1245,False,600
SCN_0924,medium,10,2,845,False,600
SCN_0615,high,15,2,1450,False,600
SCN_0446,medium,14,2,1880,False,600
SCN_0491,low,5,2,345,True,600
SCN_0306,high,16,1,1080,False,600
SCN_0479,high,19,1,1795,False,600
SCN_0136,low,6,2,795,False,600
SCN_0591,medium,11,1,845,False,600
SCN_0166,low,6,2,525,True,600
SCN_0946,medium,12,2,1140,False,600
SCN_0083,high,20,1,1435,False,600
SCN_0216,high,18,1,1925,False,600
SCN_0116,medium,11,1,1365,False,600
SCN_0945,medium,12,1,1575,False,600
SCN_0670,medium,9,1,965,False,600
SCN_0471,medium,10,1,845,False,600
SCN_0477,high,17,1,1505,False,600
SCN_0350,high,15,1,1580,False,600
SCN_0365,high,17,2,1440,False,600
SCN_0588,high,17,1,1495,False,600
SCN_0752,high,17,3,1830,False,600
SCN_0929,medium,12,1,1265,False,600
SCN_0811,low,8,2,660,False,600
SCN_0055,low,7,1,780,False,600
SCN_0865,high,17,2,1355,False,600
SCN_0727,medium,10,3,1020,False,600
SCN_0673,low,6,1,690,False,600
SCN_0676,low,8,1,810,False,600
SCN_0152,high,20,1,2140,False,600
SCN_0598,low,7,1,875,False,600
SCN_0466,high,17,2,1730,False,600
SCN_0044,medium,14,3,1560,False,600
SCN_0520,medium,10,2,1065,False,600
SCN_0292,high,19,2,2160,False,600
SCN_0068,high,16,1,1735,False,600
SCN_0456,low,8,3,900,False,600
SCN_0768,low,7,1,525,True,600
SCN_0554,high,18,1,1365,False,600
SCN_0776,medium,13,1,1630,False,600
SCN_0130,medium,13,1,1050,False,600
SCN_0407,low,6,2,305,True,600
SCN_0496,medium,12,2,1240,False,600
SCN_1000,low,7,1,570,True,600
SCN_0287,low,7,2,335,True,600
SCN_0400,high,19,1,1845,False,600
SCN_0463,low,7,3,720,False,600
SCN_0486,high,20,3,2020,False,600
SCN_0212,high,15,1,1450,False,600
SCN_0516,medium,10,3,1170,False,600
SCN_0482,high,18,1,2340,False,600
SCN_0175,high,20,2,2460,False,600
SCN_0721,high,20,1,1400,False,600
SCN_0540,low,6,1,765,False,600
SCN_0788,low,5,2,510,True,600
SCN_0621,high,15,3,1475,False,600
SCN_0555,low,8,2,590,True,600
SCN_0218,medium,10,2,605,False,600
SCN_0993,low,6,3,765,False,600
SCN_0458,high,20,1,1455,False,600
SCN_0348,high,18,2,1760,False,600
SCN_0307,low,5,3,305,True,600
SCN_0340,low,8,1,540,True,600
SCN_0242,low,6,3,900,False,600
SCN_0898,high,15,3,1350,False,600
SCN_0013,high,20,2,1745,False,600
SCN_0324,low,7,2,575,True,600
SCN_0104,low,7,1,640,False,600
SCN_0784,low,5,2,540,True,600
SCN_0015,medium,14,2,1500,False,600
SCN_0025,low,6,1,485,True,600
SCN_0017,medium,10,2,660,False,600
SCN_0918,medium,9,3,955,False,600
SCN_0196,high,18,3,1270,False,600
SCN_0455,medium,11,2,950,False,600
SCN_0596,medium,13,1,1695,False,600
SCN_0867,medium,14,1,1605,False,600
SCN_0883,high,17,1,1875,False,600
SCN_0499,low,8,3,665,False,600
SCN_0990,high,17,2,1290,False,600
SCN_0618,medium,13,2,1410,False,600
SCN_0368,high,15,2,1335,False,600
SCN_0323,high,20,1,2110,False,600
SCN_0135,low,7,2,665,False,600
SCN_0180,medium,14,1,1380,False,600
SCN_0729,high,17,1,1770,False,600
SCN_0655,medium,12,1,835,False,600
SCN_0107,low,5,1,675,False,600
SCN_0562,high,20,3,1290,False,600
SCN_0716,high,15,3,1620,False,600
SCN_0347,medium,10,3,555,True,600
SCN_0448,medium,13,3,1600,False,600
SCN_0512,low,8,3,1000,False,600
SCN_0051,medium,12,3,1610,False,600
SCN_0063,low,7,1,830,False,600
SCN_0062,medium,14,1,1720,False,600
SCN_0293,medium,12,2,645,False,600
SCN_0454,low,8,2,900,False,600
SCN_0903,medium,11,3,1185,False,600
SCN_0086,low,5,2,335,True,600
SCN_0297,low,5,2,210,True,600
SCN_0362,high,15,2,1355,False,600
SCN_0775,low,6,2,810,False,600
SCN_0905,medium,9,1,690,False,600
SCN_0274,high,17,3,1525,False,600
SCN_0805,high,16,2,1180,False,600
SCN_0856,medium,12,1,1220,False,600
SCN_0081,low,8,2,555,True,600
SCN_0075,low,7,1,785,False,600
SCN_0244,low,8,2,970,False,600
SCN_0453,high,20,2,1885,False,600
SCN_0189,medium,12,3,1170,False,600
SCN_0397,medium,13,1,925,False,600
SCN_0884,low,7,2,815,False,600
SCN_0445,high,18,2,2065,False,600
SCN_0546,medium,11,2,1245,False,600
SCN_0701,low,8,2,560,True,600
SCN_0473,high,17,1,1280,False,600
SCN_0023,medium,13,2,1325,False,600
SCN_0485,low,7,3,735,False,600
SCN_0965,low,7,3,785,False,600
SCN_0252,high,20,2,1880,False,600
SCN_0956,medium,11,2,695,False,600
SCN_0105,low,5,1,545,True,600
SCN_0381,low,7,1,430,True,600
SCN_0367,medium,10,2,730,False,600
SCN_0583,high,19,1,1460,False,600
SCN_0631,high,20,1,1520,False,600
SCN_0771,medium,11,3,1565,False,600
SCN_0882,high,18,1,1445,False,600
SCN_0414,high,20,2,1850,False,600
SCN_0987,low,7,3,360,True,600
SCN_0575,low,6,1,305,True,600
SCN_0909,medium,12,2,1100,False,600
SCN_0892,low,5,2,465,True,600
SCN_0320,medium,11,1,1190,False,600
SCN_0827,low,8,3,710,False,600
SCN_0056,low,5,2,600,True,600
SCN_0060,low,7,1,690,False,600
SCN_0928,medium,14,1,1315,False,600
SCN_0186,high,17,2,1880,False,600
SCN_0420,medium,13,1,1080,False,600
SCN_0119,low,5,1,210,True,600
SCN_0578,low,6,3,675,False,600
SCN_0059,high,16,2,1650,False,600
SCN_0518,high,20,3,2095,False,600
SCN_0629,medium,13,3,1320,False,600
SCN_0851,high,15,2,1275,False,600
SCN_0503,high,19,1,2370,False,600
SCN_0024,high,15,1,1315,False,600
SCN_0696,high,19,3,2275,False,600
SCN_0693,medium,13,3,1480,False,600
SCN_0937,low,8,2,965,False,600
SCN_0425,high,20,2,2000,False,600
SCN_0132,high,18,2,1615,False,600
SCN_0854,high,18,1,1375,False,600
SCN_0344,low,5,3,500,True,600
SCN_0835,high,20,3,1965,False,600
SCN_0049,medium,13,1,1160,False,600
SCN_0123,low,5,1,350,True,600
SCN_0382,low,8,2,495,True,600
SCN_0659,medium,13,2,1730,False,600
SCN_0328,high,20,1,2115,False,600
SCN_0866,medium,11,1,1500,False,600
SCN_0953,high,18,1,1730,False,600
SCN_0165,medium,9,2,590,True,600
SCN_0837,medium,9,1,1140,False,600
SCN_0299,low,6,2,755,False,600
SCN_0338,high,16,2,945,False,600
SCN_0012,low,8,1,855,False,600
SCN_0521,low,5,2,630,False,600
SCN_0767,low,7,1,620,False,600
SCN_0363,high,15,1,1815,False,600
SCN_0037,high,15,1,1640,False,600
SCN_0092,low,8,3,690,False,600
SCN_0983,low,5,2,500,True,600
SCN_0472,high,16,1,1880,False,600
SCN_0053,low,7,2,590,True,600
SCN_0781,low,8,2,1095,False,600
SCN_0148,high,19,2,1875,False,600
SCN_0121,medium,14,1,905,False,600
SCN_0828,high,15,3,1310,False,600
SCN_0144,low,6,2,660,False,600
SCN_0505,high,17,3,1820,False,600
SCN_0638,medium,11,1,1650,False,600
SCN_0261,low,5,3,495,True,600
SCN_0711,medium,9,2,995,False,600
SCN_0439,low,7,2,530,True,600
SCN_0431,low,7,2,410,True,600
SCN_0460,low,5,2,585,True,600
SCN_0337,low,5,1,360,True,600
SCN_0527,medium,9,1,745,False,600
SCN_0528,high,18,3,2595,False,600
SCN_0543,high,15,3,1540,False,600
SCN_0237,low,8,1,690,False,600
SCN_0195,high,15,3,1160,False,600
SCN_0685,medium,14,1,1230,False,600
SCN_0020,low,8,2,710,False,600
SCN_0461,high,15,3,1575,False,600
SCN_0313,medium,12,1,1180,False,600
SCN_0843,high,16,1,1615,False,600
SCN_0099,high,16,1,1655,False,600
SCN_0183,low,6,1,795,False,600
SCN_0030,high,20,2,1255,False,600
SCN_0552,low,7,3,405,True,600
SCN_0411,medium,13,3,1530,False,600
SCN_0170,high,15,1,1680,False,600
SCN_0246,medium,9,3,870,False,600
SCN_0415,medium,12,1,885,False,600
SCN_0326,high,19,2,2365,False,600
SCN_0290,medium,14,2,1220,False,600
SCN_0790,low,6,1,465,True,600
SCN_0251,low,5,3,220,True,600
SCN_0193,low,8,1,850,False,600
SCN_0333,medium,10,3,975,False,600
SCN_0124,low,7,1,620,False,600
SCN_0040,high,20,1,1905,False,600
SCN_0720,low,7,1,615,False,600
SCN_0667,high,15,3,1115,False,600
SCN_0642,medium,9,2,1425,False,600
SCN_0622,high,16,1,1600,False,600
SCN_0566,medium,13,2,1200,False,600
SCN_0378,medium,9,1,1020,False,600
SCN_0804,high,19,1,1840,False,600
SCN_0745,low,5,3,465,True,600
SCN_0620,low,7,2,455,True,600
SCN_0346,medium,14,1,1745,False,600
SCN_0169,high,17,3,1385,False,600
SCN_0536,high,17,2,705,False,600
SCN_0714,medium,9,1,935,False,600
SCN_0968,high,17,1,1910,False,600
SCN_0747,medium,11,2,970,False,600
SCN_0931,high,18,1,1970,False,600
SCN_0358,medium,10,3,820,False,600
SCN_0203,high,15,1,1115,False,600
SCN_0412,low,7,2,900,False,600
SCN_0938,high,20,2,1520,False,600
SCN_0197,medium,11,1,1635,False,600
SCN_0713,high,17,1,1505,False,600
SCN_0688,medium,10,3,600,True,600
SCN_0958,low,5,2,530,True,600
SCN_0498,high,18,1,1405,False,600
SCN_0226,high,15,3,1090,False,600
SCN_0200,medium,11,3,725,False,600
SCN_0995,high,19,3,1220,False,600
SCN_0686,low,5,1,600,True,600
SCN_0147,high,17,1,1685,False,600
SCN_0441,high,19,3,1850,False,600
SCN_0607,high,18,1,1835,False,600
SCN_0944,medium,11,3,780,False,600
SCN_0627,low,6,3,420,True,600
SCN_0537,low,5,3,305,True,600
SCN_0875,high,20,3,2090,False,600
SCN_0266,high,18,3,1860,False,600
SCN_0260,medium,14,2,1745,False,600
SCN_0011,low,7,1,725,False,600
SCN_0389,medium,9,2,965,False,600
SCN_0785,low,5,2,425,True,600
SCN_0913,low,5,1,455,True,600
SCN_0606,medium,11,2,955,False,600
SCN_0526,high,15,3,1360,False,600
SCN_0339,high,17,2,1405,False,600
SCN_0272,medium,10,3,600,True,600
SCN_0700,low,7,1,600,True,600
SCN_0506,medium,13,3,1300,False,600
SCN_0943,low,8,1,620,False,600
SCN_0111,medium,13,2,750,False,600
SCN_0513,high,16,1,1835,False,600
SCN_0579,high,16,1,1330,False,600
SCN_0926,high,16,3,1290,False,600
SCN_0674,low,6,2,480,True,600
SCN_0045,medium,9,2,870,False,600
SCN_0089,medium,10,1,1025,False,600
SCN_0789,medium,11,3,460,True,600
SCN_0748,medium,12,3,855,False,600
SCN_0388,low,5,1,230,True,600
SCN_0619,low,5,3,545,True,600
SCN_0341,high,18,3,1715,False,600
SCN_0100,low,5,3,560,True,600
SCN_0544,high,16,1,1160,False,600
SCN_0558,high,15,1,1470,False,600
SCN_0710,low,8,1,535,True,600
SCN_0930,medium,12,2,920,False,600
SCN_0687,high,20,2,2055,False,600
SCN_0838,low,6,3,460,True,600
SCN_0376,medium,14,3,1535,False,600
SCN_0900,low,6,3,470,True,600
SCN_0106,medium,11,3,965,False,600
SCN_0003,low,8,2,580,True,600
SCN_0777,low,7,2,495,True,600
SCN_0168,low,7,3,545,True,600
SCN_0010,medium,9,1,750,False,600
SCN_0047,medium,11,2,1010,False,600
SCN_0247,medium,14,1,1220,False,600
SCN_0957,low,7,1,215,True,600
SCN_0073,high,20,3,1800,False,600
SCN_0844,high,15,1,1415,False,600
SCN_0329,low,7,1,560,True,600
SCN_0071,medium,9,2,1080,False,600
SCN_0859,low,5,1,330,True,600
SCN_0690,high,17,1,1925,False,600
SCN_0278,high,18,1,1780,False,600
SCN_0396,high,17,1,1660,False,600
SCN_0897,medium,10,1,1235,False,600
SCN_0917,high,16,3,2190,False,600
SCN_0310,low,7,1,885,False,600
SCN_0864,medium,12,3,1500,False,600
SCN_0826,medium,11,3,1260,False,600
SCN_0510,high,19,3,1750,False,600
SCN_0428,high,18,1,2265,False,600
SCN_0556,low,5,1,180,True,600
SCN_0963,medium,14,3,1615,False,600
SCN_0235,medium,13,2,1170,False,600
SCN_0802,high,18,2,2570,False,600
SCN_0533,high,19,2,1665,False,600
SCN_0761,low,5,3,190,True,600
SCN_0353,high,16,2,1540,False,600
SCN_0577,low,8,2,620,False,600
SCN_0140,high,15,1,1080,False,600
SCN_0101,low,6,1,700,False,600
SCN_0356,medium,12,3,710,False,600
SCN_0999,high,15,2,1195,False,600
SCN_0093,low,6,1,1110,False,600
SCN_0179,high,15,2,1295,False,600
SCN_0021,low,7,2,830,False,600
SCN_0820,low,8,1,1190,False,600
SCN_0255,low,5,3,435,True,600
SCN_0644,medium,11,3,1085,False,600
SCN_0616,medium,10,2,505,True,600
SCN_0082,low,8,3,560,True,600
SCN_0590,high,18,2,1735,False,600
SCN_0029,low,5,1,515,True,600
SCN_0793,high,20,2,2110,False,600
SCN_0807,low,7,2,470,True,600
SCN_0695,low,5,1,425,True,600
SCN_0406,high,16,2,1405,False,600
SCN_0206,medium,11,2,1320,False,600
SCN_0572,medium,13,1,1515,False,600
SCN_0715,high,20,1,1660,False,600
SCN_0236,low,5,1,690,False,600
SCN_0803,high,20,1,2245,False,600
SCN_0172,high,15,1,1745,False,600
SCN_0156,low,8,3,505,True,600
SCN_0129,high,18,1,1425,False,600
SCN_0374,medium,14,2,1310,False,600
SCN_0447,medium,14,3,1575,False,600
SCN_0464,medium,9,3,1280,False,600
SCN_0732,low,7,2,945,False,600
SCN_0128,medium,10,2,725,False,600
SCN_0730,low,5,2,395,True,600
SCN_0232,low,5,1,605,False,600
SCN_0816,high,19,3,2490,False,600
SCN_0450,medium,11,2,1065,False,600
SCN_0201,low,6,1,470,True,600
SCN_0855,medium,11,2,1140,False,600
SCN_0230,high,18,3,2105,False,600
SCN_0571,low,7,2,690,False,600
SCN_0567,medium,14,3,2080,False,600
SCN_0145,medium,12,1,1190,False,600
SCN_0942,medium,9,3,865,False,600
SCN_0914,low,6,1,440,True,600
SCN_0796,high,17,1,1920,False,600
SCN_0849,medium,12,1,1470,False,600
SCN_0155,low,7,3,750,False,600
SCN_0940,high,19,1,1785,False,600
SCN_0660,high,19,1,1390,False,600
SCN_0281,high,16,2,1610,False,600
SCN_0309,low,5,3,555,True,600
SCN_0967,low,5,2,415,True,600
SCN_0303,medium,12,2,980,False,600
SCN_0646,medium,12,3,915,False,600
SCN_0847,low,7,3,555,True,600
SCN_0504,medium,10,1,1105,False,600
SCN_0087,high,16,1,1460,False,600
SCN_0724,medium,12,2,1105,False,600
SCN_0975,low,6,2,930,False,600
SCN_0422,low,8,1,500,True,600
SCN_0250,high,20,1,1690,False,600
SCN_0966,medium,11,2,1235,False,600
SCN_0989,low,6,2,590,True,600
SCN_0080,low,7,3,1170,False,600
SCN_0951,high,17,1,1360,False,600
SCN_0167,high,20,1,1620,False,600
SCN_0421,high,17,3,1335,False,600
SCN_0331,medium,13,3,1325,False,600
SCN_0880,low,7,2,705,False,600
SCN_0254,low,7,2,660,False,600
SCN_0895,medium,9,1,885,False,600
SCN_0225,medium,9,2,885,False,600
SCN_0772,low,6,1,420,True,600
SCN_0267,low,8,2,965,False,600
SCN_0532,high,20,2,1650,False,600
SCN_0872,high,17,2,975,False,600
SCN_0090,medium,9,2,565,True,600
SCN_0641,high,19,1,1870,False,600
SCN_0911,medium,11,2,1100,False,600
SCN_0760,medium,14,2,1890,False,600
SCN_0317,high,19,1,970,False,600
SCN_0726,medium,10,2,1425,False,600
SCN_0131,low,5,2,635,False,600
SCN_0282,medium,13,3,1040,False,600
SCN_0663,low,6,2,675,False,600
SCN_0191,low,6,1,620,False,600
SCN_0961,low,8,2,910,False,600
SCN_0731,high,20,3,1500,False,600
SCN_0228,high,19,1,1420,False,600
SCN_0256,medium,13,2,1240,False,600
SCN_0636,low,6,1,545,True,600
SCN_0681,medium,9,2,1130,False,600
SCN_0664,high,19,1,1280,False,600
SCN_0699,low,5,3,210,True,600
SCN_0405,high,16,1,1095,False,600
SCN_0026,medium,9,3,740,False,600
SCN_0908,low,7,2,500,True,600
SCN_0824,high,15,1,1025,False,600
SCN_0234,high,18,1,1565,False,600
SCN_0545,high,20,2,1675,False,600
SCN_0705,medium,14,3,980,False,600
SCN_0683,medium,10,2,590,True,600
SCN_0935,high,16,3,1525,False,600
SCN_0921,medium,12,3,735,False,600
SCN_0108,high,15,2,1120,False,600
SCN_0249,medium,10,1,990,False,600
SCN_0625,high,19,2,2000,False,600
SCN_0654,medium,12,3,1165,False,600
SCN_0288,high,17,2,1630,False,600
SCN_0085,high,18,2,1790,False,600
SCN_0563,high,15,1,1080,False,600
SCN_0432,high,18,2,2295,False,600
SCN_0294,high,18,1,1725,False,600
SCN_0763,low,6,1,380,True,600
SCN_0603,medium,12,3,1430,False,600
SCN_0480,low,5,3,705,False,600
SCN_0442,medium,10,2,1095,False,600
SCN_0986,low,7,3,585,True,600
SCN_0468,low,7,3,930,False,600
SCN_0593,medium,12,3,1280,False,600
SCN_0586,medium,13,2,1215,False,600
SCN_0185,high,17,3,1445,False,600
SCN_0209,medium,12,1,985,False,600
SCN_0870,medium,12,3,1165,False,600
SCN_0192,medium,12,2,1100,False,600
SCN_0737,high,15,2,1175,False,600
SCN_0253,medium,12,2,980,False,600
SCN_0349,medium,10,3,930,False,600
SCN_0007,high,18,1,1685,False,600
SCN_0869,low,7,3,440,True,600
SCN_0886,medium,9,2,935,False,600
SCN_0304,medium,14,3,1740,False,600
SCN_0198,medium,9,1,900,False,600
SCN_0481,high,19,2,1345,False,600
SCN_0509,high,19,2,1635,False,600
SCN_0149,high,18,1,1800,False,600
SCN_0728,medium,13,1,1470,False,600
SCN_0703,medium,9,3,620,False,600
SCN_0722,low,8,3,920,False,600
SCN_0587,medium,12,3,1085,False,600
SCN_0410,low,7,3,595,True,600
SCN_0217,low,8,2,1020,False,600
SCN_0094,medium,13,1,1170,False,600
SCN_0739,low,6,3,585,True,600
SCN_0645,high,20,2,1880,False,600
SCN_0137,high,16,1,1740,False,600
SCN_0709,low,6,3,470,True,600
SCN_0213,high,18,2,1980,False,600
SCN_0559,high,17,2,1485,False,600
SCN_0766,medium,13,1,1725,False,600
SCN_0387,low,8,2,1280,False,600
SCN_0301,low,8,3,495,True,600
SCN_0280,low,6,3,450,True,600
SCN_0692,medium,13,2,1535,False,600
SCN_0825,low,7,2,645,False,600
SCN_0672,medium,11,2,1500,False,600
SCN_0158,medium,10,3,860,False,600
SCN_0391,low,5,2,540,True,600
SCN_0316,high,18,1,1615,False,600
SCN_0653,low,7,2,675,False,600
SCN_0199,medium,9,3,720,False,600
SCN_0881,high,18,3,1910,False,600
SCN_0508,low,6,3,555,True,600
SCN_0380,high,17,3,1465,False,600
SCN_0668,low,8,1,555,True,600
SCN_0159,low,6,2,675,False,600
SCN_0845,high,16,2,1620,False,600
SCN_0164,high,15,3,1530,False,600
SCN_0318,low,6,2,615,False,600
SCN_0220,high,16,1,1050,False,600
SCN_0733,low,5,3,360,True,600
SCN_0263,medium,14,3,1405,False,600
SCN_0981,medium,11,3,675,False,600
SCN_0890,low,7,3,705,False,600
SCN_0373,high,20,1,1380,False,600
SCN_0708,low,6,3,430,True,600
SCN_0125,low,8,3,705,False,600
SCN_0894,low,5,3,470,True,600
SCN_0846,medium,9,2,615,False,600
SCN_0541,low,6,1,800,False,600
SCN_0314,low,7,3,780,False,600
SCN_0550,low,6,3,900,False,600
SCN_0077,medium,11,2,840,False,600
SCN_0438,high,16,1,1450,False,600
SCN_0207,high,20,3,1715,False,600
SCN_0848,low,7,3,710,False,600
SCN_0008,high,19,1,2165,False,600
SCN_0113,high,18,1,1440,False,600
SCN_0922,medium,12,2,1450,False,600
SCN_0569,high,18,3,1875,False,600
SCN_0275,low,8,1,770,False,600
SCN_0227,medium,10,1,1380,False,600
SCN_0573,low,8,3,1035,False,600
SCN_0773,medium,11,3,1145,False,600
SCN_0822,high,19,2,2245,False,600
SCN_0240,low,5,1,455,True,600
SCN_0079,low,7,3,570,True,600
SCN_0067,medium,13,3,1585,False,600
SCN_0286,medium,9,2,1080,False,600
SCN_0635,medium,14,1,940,False,600
SCN_0470,low,5,2,540,True,600
SCN_0679,high,15,2,1240,False,600
SCN_0325,low,5,1,765,False,600
SCN_0786,high,19,2,1290,False,600
SCN_0912,high,17,2,2210,False,600
SCN_0224,medium,10,1,935,False,600
SCN_0366,high,19,1,2030,False,600
SCN_0534,high,15,3,1250,False,600
SCN_0478,medium,9,3,715,False,600
SCN_0259,high,16,1,2180,False,600
SCN_0312,medium,11,1,790,False,600
SCN_0934,medium,14,2,1160,False,600
SCN_0782,high,18,1,1080,False,600
SCN_0604,high,16,1,1705,False,600
SCN_0800,high,18,3,2190,False,600
SCN_0413,medium,9,1,610,False,600
SCN_0630,medium,9,1,730,False,600
SCN_0276,high,16,3,1835,False,600
SCN_0070,medium,12,1,1370,False,600
SCN_0680,high,20,1,1725,False,600
SCN_0657,low,8,3,625,False,600
SCN_0041,low,6,3,440,True,600
SCN_0939,medium,14,2,1755,False,600
SCN_0974,low,6,1,520,True,600
SCN_0357,low,8,2,1040,False,600
SCN_0202,low,7,2,370,True,600
SCN_0157,low,6,2,440,True,600
SCN_0860,high,15,1,1285,False,600
SCN_0268,low,6,2,795,False,600
SCN_0065,high,15,1,1510,False,600
SCN_0219,medium,14,3,1505,False,600
SCN_0151,medium,10,3,990,False,600
SCN_0231,low,6,3,310,True,600
SCN_0907,medium,11,2,1395,False,600
SCN_0054,medium,10,3,1095,False,600
SCN_0322,high,16,2,1675,False,600
SCN_0208,high,20,1,2325,False,600
SCN_0436,high,15,3,1575,False,600
SCN_0115,medium,12,1,790,False,600
SCN_0385,low,7,3,740,False,600
SCN_0634,medium,11,3,790,False,600
SCN_0364,medium,11,1,1320,False,600
SCN_0426,medium,11,3,1210,False,600
SCN_0141,low,8,3,660,False,600
SCN_0712,low,7,1,875,False,600
SCN_0392,low,5,1,410,True,600
SCN_0133,low,6,3,665,False,600
SCN_0483,low,8,3,605,False,600
SCN_0395,medium,12,1,1340,False,600
SCN_0765,high,17,1,1805,False,600
SCN_0925,low,5,1,135,True,600
SCN_0327,low,7,3,650,False,600
SCN_0652,low,5,3,485,True,600
SCN_0305,low,7,1,340,True,600
SCN_0098,low,7,2,505,True,600
SCN_0102,medium,9,1,870,False,600
SCN_0977,low,8,2,765,False,600
SCN_0821,high,20,1,1480,False,600
SCN_0096,high,19,3,1700,False,600
SCN_0014,low,7,1,750,False,600
SCN_0184,low,6,3,275,True,600
SCN_0719,high,15,3,980,False,600
SCN_0393,high,19,2,1420,False,600
SCN_0332,high,20,1,2125,False,600
SCN_0560,medium,9,1,1035,False,600
SCN_0126,high,16,1,1230,False,600
SCN_0949,high,18,1,1520,False,600
SCN_0750,medium,11,3,1185,False,600
SCN_0245,high,18,3,1660,False,600
SCN_0735,high,18,3,1270,False,600
SCN_0806,high,20,2,1580,False,600
SCN_0605,low,7,3,615,False,600
SCN_0814,medium,14,3,1235,False,600
SCN_0039,low,5,2,285,True,600
SCN_0689,medium,11,3,1250,False,600
SCN_0671,medium,14,2,1745,False,600
SCN_0697,medium,12,3,1225,False,600
SCN_0449,low,8,3,785,False,600
SCN_0839,medium,11,2,1245,False,600
SCN_0069,low,7,2,845,False,600
SCN_0978,medium,11,3,1335,False,600
SCN_0783,medium,13,1,1610,False,600
SCN_0103,low,5,1,410,True,600
SCN_0283,low,5,2,500,True,600
SCN_0109,high,15,3,1450,False,600
SCN_0985,high,18,1,2270,False,600
SCN_0177,medium,13,3,1610,False,600
SCN_0321,low,8,1,770,False,600
SCN_0980,low,5,2,420,True,600
SCN_0138,high,17,2,1485,False,600
SCN_0345,low,7,2,620,False,600
SCN_0665,high,20,1,1915,False,600
SCN_0753,medium,12,3,1250,False,600
SCN_0933,medium,9,1,845,False,600
SCN_0549,medium,13,3,1110,False,600
SCN_0233,medium,10,2,650,False,600
SCN_0394,low,8,3,800,False,600
SCN_0954,medium,10,2,595,True,600
SCN_0791,medium,11,3,700,False,600
SCN_0031,high,20,1,1795,False,600
SCN_0257,medium,9,2,815,False,600
SCN_0906,low,8,2,620,False,600
SCN_0076,medium,12,3,955,False,600
SCN_0542,low,6,3,385,True,600
SCN_0435,low,6,1,740,False,600
SCN_0801,high,18,2,1410,False,600
SCN_0043,high,19,1,1120,False,600
SCN_0291,low,6,1,520,True,600
SCN_0877,high,17,3,1295,False,600
SCN_0048,medium,13,3,1340,False,600
SCN_0829,low,5,3,720,False,600
SCN_0950,low,5,3,510,True,600
SCN_0476,low,7,2,570,True,600
SCN_0647,low,8,1,860,False,600
SCN_0427,low,6,1,900,False,600
SCN_0489,medium,11,2,900,False,600
SCN_0833,high,20,1,1925,False,600
SCN_0698,low,6,3,555,True,600
SCN_0764,medium,11,2,1300,False,600
SCN_0187,low,6,3,455,True,600
SCN_0553,high,19,1,1415,False,600
SCN_0595,medium,9,3,1160,False,600
SCN_0568,high,19,2,1750,False,600
SCN_0490,low,6,2,660,False,600
SCN_0497,high,16,1,1290,False,600
SCN_0334,high,18,3,1900,False,600
SCN_0770,high,15,1,1295,False,600
SCN_0862,low,5,2,340,True,600
SCN_0904,medium,10,1,895,False,600
SCN_0902,low,7,2,355,True,600
SCN_0300,medium,14,3,1490,False,600
SCN_0511,low,8,3,595,True,600
SCN_0032,low,5,2,645,False,600
SCN_0162,medium,12,2,395,True,600
SCN_0181,medium,14,3,1325,False,600
SCN_0143,low,5,2,615,False,600
SCN_0988,high,20,1,1990,False,600
SCN_0602,low,7,1,750,False,600
SCN_0444,medium,13,2,1610,False,600
SCN_0557,medium,9,2,1380,False,600
SCN_0173,low,7,1,690,False,600
SCN_0117,medium,12,3,1230,False,600
SCN_0097,medium,10,3,960,False,600
SCN_0669,medium,9,2,1310,False,600
SCN_0429,medium,10,3,885,False,600
SCN_0580,low,8,2,1020,False,600
SCN_0899,low,8,3,545,True,600
SCN_0190,low,5,3,375,True,600
SCN_0755,low,8,3,735,False,600
SCN_0888,high,18,1,1310,False,600
SCN_0459,high,16,3,2045,False,600
SCN_0792,medium,11,3,1325,False,600
SCN_0375,low,8,3,620,False,600
SCN_0488,low,8,3,520,True,600
SCN_0001,medium,9,3,1050,False,600
SCN_0279,medium,14,3,1605,False,600
SCN_0734,low,6,2,245,True,600
SCN_0355,high,16,3,1180,False,600
SCN_0052,high,16,2,1940,False,600
SCN_0740,medium,11,2,935,False,600
SCN_0005,high,19,1,1490,False,600
SCN_0437,high,19,3,1195,False,600
SCN_0936,medium,12,3,1455,False,600
SCN_0430,medium,13,2,1120,False,600
SCN_0564,medium,13,1,1065,False,600
SCN_0831,low,8,1,730,False,600
SCN_0757,medium,9,3,1185,False,600
SCN_0018,low,8,1,885,False,600
SCN_0643,high,16,1,1385,False,600
SCN_0971,low,7,1,520,True,600
SCN_0035,high,19,3,1395,False,600
SCN_0717,high,16,1,1510,False,600
SCN_0494,low,8,2,980,False,600
SCN_0850,medium,9,3,885,False,600
SCN_0160,high,15,1,1430,False,600
SCN_0150,low,8,1,515,True,600
SCN_0841,low,6,1,765,False,600
SCN_0599,medium,12,3,625,False,600
SCN_0751,high,20,3,2325,False,600
SCN_0507,low,6,2,540,True,600
SCN_0787,high,18,2,1460,False,600
SCN_0416,medium,11,2,915,False,600
SCN_0371,low,7,1,465,True,600
SCN_0840,medium,9,3,665,False,600
SCN_0639,medium,14,1,1780,False,600
SCN_0529,low,8,2,540,True,600
SCN_0614,low,5,3,500,True,600
SCN_0336,medium,10,2,930,False,600
SCN_0608,high,18,3,1510,False,600
SCN_0823,high,15,3,1375,False,600
SCN_0182,medium,13,2,835,False,600
SCN_0612,low,5,2,410,True,600
SCN_0649,medium,11,3,1335,False,600
SCN_0617,medium,14,3,1375,False,600
SCN_0046,high,20,2,1515,False,600
SCN_0955,high,20,3,2495,False,600
SCN_0088,medium,11,3,1090,False,600
SCN_0885,high,20,1,2040,False,600
SCN_0120,high,20,3,1255,False,600
SCN_0352,medium,10,1,1460,False,600
SCN_0238,medium,11,3,1040,False,600
SCN_0302,high,18,1,865,False,600
SCN_0514,low,7,3,470,True,600
SCN_0551,high,17,1,2040,False,600
SCN_0684,medium,13,3,1665,False,600
SCN_0650,low,7,2,440,True,600
SCN_0852,medium,12,2,980,False,600
SCN_0704,low,8,2,765,False,600
SCN_0022,medium,13,1,1390,False,600
SCN_0887,high,16,2,1280,False,600
SCN_0285,high,19,3,2410,False,600
SCN_0810,medium,11,2,955,False,600
SCN_0997,low,6,2,675,False,600
SCN_0467,medium,13,3,965,False,600
SCN_0502,high,19,2,1540,False,600
SCN_0758,low,8,2,965,False,600
SCN_0335,low,8,1,850,False,600
SCN_0538,low,5,1,525,True,600
SCN_0969,medium,9,3,1190,False,600
SCN_0277,medium,11,1,1095,False,600
SCN_0006,medium,11,3,1220,False,600
SCN_0718,low,8,1,635,False,600
SCN_0871,medium,9,2,860,False,600
SCN_0941,high,15,2,1380,False,600
SCN_0417,low,5,1,215,True,600
SCN_0741,low,6,2,500,True,600
SCN_0531,high,17,2,1530,False,600
SCN_0798,low,5,3,435,True,600
SCN_0834,low,6,1,400,True,600
SCN_0359,low,7,1,735,False,600
SCN_0265,medium,13,2,1015,False,600
SCN_0178,low,7,2,570,True,600
SCN_0746,medium,10,3,780,False,600
SCN_0982,low,7,3,680,False,600
SCN_0648,medium,9,3,1020,False,600
SCN_0813,medium,9,2,630,False,600
SCN_0418,high,20,2,1775,False,600
SCN_0386,high,19,1,1665,False,600
SCN_0858,high,20,1,2025,False,600
SCN_0114,high,20,1,1845,False,600
SCN_0998,high,15,1,1390,False,600
SCN_0565,medium,11,1,1020,False,600
SCN_0530,medium,14,3,990,False,600
SCN_0495,medium,13,3,990,False,600
SCN_0600,medium,13,3,1575,False,600
SCN_0594,high,19,2,1735,False,600
SCN_0640,medium,14,3,1120,False,600
SCN_0780,medium,14,2,1320,False,600
SCN_0153,high,15,3,1550,False,600
SCN_0401,high,19,3,1965,False,600
SCN_0424,medium,13,2,965,False,600
SCN_0658,high,18,3,1760,False,600
SCN_0815,high,15,1,950,False,600
SCN_0315,medium,9,2,1220,False,600
SCN_0351,high,17,2,1895,False,600
SCN_0163,medium,10,3,545,True,600
SCN_0947,medium,11,2,1500,False,600
SCN_0744,medium,10,2,1335,False,600
SCN_0311,high,19,2,1780,False,600
SCN_0682,low,8,3,670,False,600
SCN_0271,low,7,2,425,True,600
SCN_0176,high,20,2,1745,False,600
SCN_0613,medium,9,1,855,False,600
SCN_0694,low,8,3,925,False,600
SCN_0842,low,6,3,360,True,600
SCN_0797,high,18,3,1640,False,600
SCN_0868,low,8,3,795,False,600
SCN_0205,low,6,2,315,True,600
SCN_0028,low,7,2,485,True,600
SCN_0972,medium,9,3,585,True,600
SCN_0547,low,5,1,425,True,600
SCN_0223,high,18,2,1985,False,600
SCN_0221,high,20,2,1585,False,600
SCN_0248,high,16,1,1385,False,600
